{"bayes_greedy": {"percentiles": [5.0, 50.0, 95.0], "point": [0.0, 9.600000000000001, 125.75999999999965], "ci": [[0.0, 0.0], [9.600000000000001, 9.600000000000001], [96.47999999999983, 183.35999999999962]]}, "bayes_thompson": {"percentiles": [5.0, 50.0, 95.0], "point": [0.0, 38.400000000000006, 115.19999999999999], "ci": [[0.0, 9.600000000000001], [28.800000000000004, 38.400000000000006], [96.0, 143.99999999999997]]}, "bayes_ucb": {"percentiles": [5.0, 50.0, 95.0], "point": [37.920000000000016, 576.0000000000007, 777.6000000000012], "ci": [[19.200000000000003, 67.20000000000002], [470.40000000000043, 643.2000000000008], [768.0000000000011, 797.280000000001]]}, "ib": {"percentiles": [5.0, 50.0, 95.0], "point": [0.0, 9.600000000000001, 125.75999999999965], "ci": [[0.0, 0.0], [9.600000000000001, 9.600000000000001], [105.6, 183.35999999999962]]}}