{"bayes_greedy": {"percentiles": [5.0, 50.0, 95.0], "point": [0.0, 9.600000000000001, 125.75999999999965], "ci": [[0.0, 0.0], [9.600000000000001, 9.600000000000001], [96.47999999999983, 183.35999999999962]]}, "bayes_thompson": {"percentiles": [5.0, 50.0, 95.0], "point": [48.00000000000001, 460.8000000000004, 604.8000000000008], "ci": [[19.200000000000003, 66.24000000000004], [417.6000000000003, 499.2000000000005], [576.4800000000005, 614.4000000000008]]}, "bayes_ucb": {"percentiles": [5.0, 50.0, 95.0], "point": [37.920000000000016, 576.0000000000007, 777.6000000000012], "ci": [[19.200000000000003, 67.20000000000002], [470.40000000000043, 643.2000000000008], [768.0000000000011, 797.280000000001]]}, "ib": {"percentiles": [5.0, 50.0, 95.0], "point": [0.0, 9.600000000000001, 125.75999999999965], "ci": [[0.0, 0.0], [9.600000000000001, 9.600000000000001], [105.6, 183.35999999999962]]}}