{"bayes_greedy": {"percentiles": [5.0, 50.0, 95.0], "point": [0.0, 0.39999999999999997, 5.6000000000000005], "ci": [[0.0, 0.0], [0.39999999999999997, 0.7999999999999999], [4.0199999999999925, 9.63999999999999]]}, "bayes_thompson": {"percentiles": [5.0, 50.0, 95.0], "point": [0.39999999999999997, 1.5999999999999999, 7.600000000000002], "ci": [[0.0, 0.39999999999999997], [1.2, 1.5999999999999999], [5.2199999999999935, 11.600000000000005]]}, "bayes_ucb": {"percentiles": [5.0, 50.0, 95.0], "point": [6.780000000000002, 9.600000000000003, 13.200000000000006], "ci": [[6.400000000000001, 7.200000000000002], [9.200000000000003, 9.600000000000003], [12.400000000000006, 14.000000000000007]]}, "ib": {"percentiles": [5.0, 50.0, 95.0], "point": [30.799999999999955, 39.59999999999992, 39.99999999999992], "ci": [[27.519999999999968, 34.34049999999994], [39.59999999999992, 39.59999999999992], [39.99999999999992, 39.99999999999992]]}}