{"bayes_greedy": {"percentiles": [5.0, 50.0, 95.0], "point": [37.920000000000016, 624.0000000000008, 960.0000000000016], "ci": [[19.200000000000003, 85.44000000000003], [528.0000000000006, 748.8000000000011], [950.8800000000014, 960.0000000000016]]}, "bayes_thompson": {"percentiles": [5.0, 50.0, 95.0], "point": [38.400000000000006, 580.8000000000006, 950.4000000000016], "ci": [[9.600000000000001, 76.80000000000001], [489.6000000000005, 720.000000000001], [940.8000000000015, 950.4000000000016]]}, "bayes_ucb": {"percentiles": [5.0, 50.0, 95.0], "point": [37.920000000000016, 576.0000000000007, 777.6000000000012], "ci": [[19.200000000000003, 67.20000000000002], [470.40000000000043, 643.2000000000008], [768.0000000000011, 797.280000000001]]}, "ib": {"percentiles": [5.0, 50.0, 95.0], "point": [0.0, 9.600000000000001, 125.75999999999965], "ci": [[0.0, 0.0], [9.600000000000001, 9.600000000000001], [105.6, 183.35999999999962]]}}